Diastolic Flow Time,Diastolic Data,Systolic Flow Time,Systolic Data
0.0,7.868648304680172e-07,0.346466647058823,2.227560202146956e-06
0.038496294117647,3.551181841046222e-07,0.38496294117647,2.500186802722959e-06
0.076992588235294,4.851436253728517e-07,0.4234592352941169,2.083930099983791e-06
0.115488882352941,2.651880128671394e-06,0.4619555294117639,1.60852007873805e-05
0.153985176470588,4.496045299585985e-06,0.500451823529411,1.393068161183397e-05
0.192481470588235,4.879635887792005e-06,0.538948117647058,1.10297991215406e-05
0.230977764705882,3.826594428854638e-06,0.577444411764705,7.454111070884028e-06
0.269474058823529,2.969033679898054e-06,0.615940705882352,3.816058014712319e-06
0.307970352941176,2.735745824111659e-06,0.654437,8.415265253215463e-07
