Diastolic Flow Time,Diastolic Data,Systolic Flow Time,Systolic Data
0.0,1.439983863448823e-05,0.436403394,1.867611993534448e-05
0.048489266,1.015560467785947e-05,0.48489266,1.907146643436944e-05
0.096978532,1.283660608591577e-05,0.533381926,1.871151864215342e-05
0.145467798,3.271590733067939e-05,0.581871192,1.884135848535514e-05
0.193957064,4.774021927910249e-05,0.630360458,1.741919896596689e-05
0.24244633,4.106124023607294e-05,0.678849724,1.684013925085793e-05
0.290935596,2.45215042916689e-05,0.727339,1.34977927670251e-05
0.339424862,2.037058717791014e-05,,
0.387914128,2.24385044662394e-05,,
