Diastolic Flow Time,Diastolic Data,Systolic Flow Time,Systolic Data
0.0,1.379988870299756e-06,0.4063921874999999,1.0212713475752267e-05
0.0451546875,1.227531812545074e-06,0.4515468749999999,1.936446889520873e-05
0.090309375,4.708451073362589e-06,0.4967015624999999,1.6493435359203067e-05
0.1354640624999999,9.511247817836938e-06,0.5418562499999999,1.1278730798106738e-05
0.18061875,1.308826088591395e-05,0.5870109374999999,7.697449418727655e-06
0.2257734374999999,1.1787385940438986e-05,0.632165625,5.057145477126164e-06
0.2709281249999999,8.776946154208521e-06,0.6773203124999999,2.948259248577374e-06
0.3160828125,5.857974377163176e-06,0.722475,1.215799400161884e-06
0.3612375,4.359210373300033e-06,,
