Patient,Condition,Weights [kg],Height [cm],BSA [m^2],EDV_pre [ml],ESV_pre [ml],EDV_post [ml],ESV_post [ml],SV_pre [ml],SV_post [ml],EF_pre [%],EF_post [%],HR_pre [bpm],HR_post [bpm],CO_pre [L/min],CO_post [L/min],SI_pre,SI_post,CI_pre,CI_post,E/A_ratio_pre,E/A_ratio_post
Hypox01,healthy,41,153,1.3357,83.0167,40.5197,82.7013267,40.642928,42.497,42.058398,51.19090496,50.85577182,64,97,2.719808,4.079664606,31.81627611,31.48790746,2.036241671,3.054327024,2.11790393,1.224311158
Hypox08,healthy,55,175,1.6680,102.2666345,45.70106424,122.684399,45.11032,56.56557,77.574078,55.3118525,63.23059707,45,78,2.54545065,6.050778084,33.91221223,46.50724101,1.52604955,3.627564799,2.553893391,1.433862518
Hypox20,healthy,72,181,1.9167,162.061436,76.31539,158.176886,77.4010761,85.7460419,80.77581,52.90959035,51.06675953,65,103,5.573492724,8.31990843,44.73628732,42.14316794,2.907858676,4.340746298,1.753543642,2.054165937
Hypox09,univentr,42,152,1.343,76.291893,47.1253004,105.3565978,54.2561099,29.16659,51.10048785,38.23026124,48.5024089,76,80,2.21666084,4.088039028,21.71749069,38.04950696,1.650529293,3.043960557,0.772594752,1.322807018
Hypox03,univentr,52,164,1.554,96.83078,45.5485,93.92564,44.36622798,51.2822688,49.559412,52.96071022,52.7645188,75,91,3.84617016,4.509906492,33.00017297,31.89151351,2.475012973,2.90212773,1.5625,1.138528139
Hypox28,univentr,74,180,1.9314,210.8383805,112.9440383,202.6727471,107.3020885,97.89434,95.37065859,46.43098651,47.056479,71,93,6.95049814,8.869471249,50.68568914,49.37903002,3.598683929,4.592249792,1.247191011,0.93115942
