Patient,Condition,Weights [kg],Height [cm],BSA [m^2],EDV_pre [ml],ESV_pre [ml],EDV_post [ml],ESV_post [ml],SV_pre [ml],SV_post [ml],EF_pre [%],EF_post [%],HR_pre [bpm],HR_post [bpm],CO_pre [L/min],CO_post [L/min],SI_pre,SI_post,CI_pre,CI_post,E/A_ratio_pre,E/A_ratio_post
Hypox01,healthy,41,153,1.3357,79.48210539,44.4920195,78.8204809,42.20500433,34.9900858,36.61547657,44.02259556,46.4542669,64,97,2.239365491,3.551701227,26.19606633,27.41294944,1.676548245,2.659056096,,
Hypox08,healthy,55,175,1.6680,97.28826982,49.16183772,120.6954204,50.45629689,48.1264321,70.23912354,49.46786718,58.19535098,45,78,2.165689445,5.478651636,28.85277704,42.10978629,1.298374967,3.284563331,,
Hypox20,healthy,72,181,1.9167,164.1760096,82.45486345,151.6788602,84.54556048,81.72114617,67.13329968,49.77654553,44.26015571,65,103,5.311874501,6.914729867,42.63637824,35.02546026,2.771364586,3.607622407,,
Hypox09,univentricle,42,152,1.343,70.24839748,41.21713933,97.72948102,52.27097539,29.03125815,45.45850564,41.32657711,0.465146291,76,80,2.20637562,3.636680451,21.61672238,33.84847776,1.642870901,2.707878221,,
Hypox03,univentricle,52,164,1.554,97.62351415,47.80522115,89.44652485,44.39016867,49.81829299,45.05635618,51.0310384,0.503723943,75,91,3.736371974,4.100128412,32.0581036,28.99379419,2.40435777,2.638435272,,
Hypox28,univentricle,74,180,1.9314,193.0996317,105.5974681,187.0735998,101.9744253,87.50216354,85.09917455,45.31451602,0.454896761,71,93,6.212653611,7.914223233,45.3050448,44.0608753,3.216658181,4.097661403,,


#### To correct the order !!!! ######