Diastolic Flow Time,Diastolic Data,Systolic Flow Time,Systolic Data
0.0,3.03650579560734e-07,0.467484937500001,2.890062153652678e-06
0.0667835624999999,6.592467266691248e-07,0.5342685000000011,3.665485143788813e-06
0.1335671250000001,3.642179655855834e-06,0.6010520625000013,2.387759240621224e-06
0.2003506875000003,2.28514737362714e-06,0.6678356250000015,2.449334479478704e-06
0.2671342500000005,1.611156295815783e-06,0.712358,
0.3339178125000006,1.285283186204729e-06,,
0.4007013750000008,1.249022864929085e-06,,
